{"v":"5.5.7","meta":{"g":"LottieFiles AE 0.1.20","a":"","k":"","d":"","tc":""},"fr":60,"ip":0,"op":59,"w":700,"h":700,"nm":"Open Sign","ddd":0,"assets":[],"layers":[{"ddd":0,"ind":1,"ty":4,"nm":"Layer 1 Outlines","sr":1,"ks":{"o":{"a":0,"k":100,"ix":11},"r":{"a":1,"k":[{"i":{"x":[0.833],"y":[0.833]},"o":{"x":[0.167],"y":[0.167]},"t":-1,"s":[-5]},{"i":{"x":[0.426],"y":[0.979]},"o":{"x":[0.167],"y":[0.167]},"t":0,"s":[0]},{"i":{"x":[0.399],"y":[1.009]},"o":{"x":[0.504],"y":[0]},"t":23,"s":[22]},{"i":{"x":[0.833],"y":[0.833]},"o":{"x":[0.59],"y":[0]},"t":44,"s":[-25]},{"t":59,"s":[0]}],"ix":10},"p":{"a":0,"k":[357,178,0],"ix":2},"a":{"a":0,"k":[205.25,12.3,0],"ix":1},"s":{"a":0,"k":[100,100,100],"ix":6}},"ao":0,"shapes":[{"ty":"gr","it":[{"ind":0,"ty":"sh","ix":1,"ks":{"a":0,"k":{"i":[[0,0],[0,0],[0,0],[0,0],[0,0],[0,0],[0,0],[0,0],[0,0],[0,0],[0,0],[0,0],[0,0],[0,0]],"o":[[0,0],[0,0],[0,0],[0,0],[0,0],[0,0],[0,0],[0,0],[0,0],[0,0],[0,0],[0,0],[0,0],[0,0]],"v":[[12.069,9.861],[10.832,9.861],[8.975,3.089],[-12.688,-73.202],[-32.494,-73.202],[-32.494,73.202],[-12.069,73.202],[-12.069,-9.86],[-10.831,-9.86],[-8.974,-3.086],[12.689,73.202],[32.494,73.202],[32.494,-73.202],[12.069,-73.202]],"c":true},"ix":2},"nm":"Path 1","mn":"ADBE Vector Shape - Group","hd":false},{"ty":"fl","c":{"a":0,"k":[0.2,0.2,0.2,1],"ix":4},"o":{"a":0,"k":100,"ix":5},"r":1,"bm":0,"nm":"Fill 1","mn":"ADBE Vector Graphic - Fill","hd":false},{"ty":"tr","p":{"a":0,"k":[300.784,242.178],"ix":2},"a":{"a":0,"k":[0,0],"ix":1},"s":{"a":0,"k":[100,100],"ix":3},"r":{"a":0,"k":0,"ix":6},"o":{"a":0,"k":100,"ix":7},"sk":{"a":0,"k":0,"ix":4},"sa":{"a":0,"k":0,"ix":5},"nm":"Transform"}],"nm":"Group 1","np":2,"cix":2,"bm":0,"ix":1,"mn":"ADBE Vector Group","hd":false},{"ty":"gr","it":[{"ind":0,"ty":"sh","ix":1,"ks":{"a":0,"k":{"i":[[0,0],[0,0],[0,0],[0,0],[0,0],[0,0],[0,0],[0,0],[0,0],[0,0],[0,0],[0,0]],"o":[[0,0],[0,0],[0,0],[0,0],[0,0],[0,0],[0,0],[0,0],[0,0],[0,0],[0,0],[0,0]],"v":[[-25.479,73.203],[25.479,73.203],[25.479,51.092],[-3.198,51.092],[-3.198,10.857],[17.433,10.857],[17.433,-12.648],[-3.198,-12.648],[-3.198,-51.092],[25.479,-51.092],[25.479,-73.202],[-25.479,-73.202]],"c":true},"ix":2},"nm":"Path 1","mn":"ADBE Vector Shape - Group","hd":false},{"ty":"fl","c":{"a":0,"k":[0.2,0.2,0.2,1],"ix":4},"o":{"a":0,"k":100,"ix":5},"r":1,"bm":0,"nm":"Fill 1","mn":"ADBE Vector Graphic - Fill","hd":false},{"ty":"tr","p":{"a":0,"k":[230.439,242.178],"ix":2},"a":{"a":0,"k":[0,0],"ix":1},"s":{"a":0,"k":[100,100],"ix":3},"r":{"a":0,"k":0,"ix":6},"o":{"a":0,"k":100,"ix":7},"sk":{"a":0,"k":0,"ix":4},"sa":{"a":0,"k":0,"ix":5},"nm":"Transform"}],"nm":"Group 2","np":2,"cix":2,"bm":0,"ix":2,"mn":"ADBE Vector Group","hd":false},{"ty":"gr","it":[{"ind":0,"ty":"sh","ix":1,"ks":{"a":0,"k":{"i":[[2.476,-3.188],[6.809,0],[0,0],[-2.475,-3.583],[0,-8.166]],"o":[[-2.475,3.386],[0,0],[6.809,0],[2.476,3.586],[0,8.166]],"v":[[5.157,-11.85],[-8.459,-7.27],[-8.459,-51.291],[5.157,-46.114],[8.252,-28.583]],"c":true},"ix":2},"nm":"Path 1","mn":"ADBE Vector Shape - Group","hd":false},{"ind":1,"ty":"sh","ix":2,"ks":{"a":0,"k":{"i":[[9.697,0],[0,0],[0,0],[0,0],[0,0],[-7.427,6.772],[0,16.732],[7.427,6.773]],"o":[[0,0],[0,0],[0,0],[0,0],[9.697,0],[7.427,-6.774],[0,-16.734],[-7.427,-6.772]],"v":[[-8.459,-73.203],[-30.74,-73.203],[-30.74,73.203],[-8.459,73.203],[-8.459,14.64],[18.361,5.08],[30.74,-29.38],[18.361,-64.04]],"c":true},"ix":2},"nm":"Path 2","mn":"ADBE Vector Shape - Group","hd":false},{"ty":"mm","mm":1,"nm":"Merge Paths 1","mn":"ADBE Vector Filter - Merge","hd":false},{"ty":"fl","c":{"a":0,"k":[0.2,0.2,0.2,1],"ix":4},"o":{"a":0,"k":100,"ix":5},"r":1,"bm":0,"nm":"Fill 1","mn":"ADBE Vector Graphic - Fill","hd":false},{"ty":"tr","p":{"a":0,"k":[163.085,242.178],"ix":2},"a":{"a":0,"k":[0,0],"ix":1},"s":{"a":0,"k":[100,100],"ix":3},"r":{"a":0,"k":0,"ix":6},"o":{"a":0,"k":100,"ix":7},"sk":{"a":0,"k":0,"ix":4},"sa":{"a":0,"k":0,"ix":5},"nm":"Transform"}],"nm":"Group 3","np":4,"cix":2,"bm":0,"ix":3,"mn":"ADBE Vector Group","hd":false},{"ty":"gr","it":[{"ind":0,"ty":"sh","ix":1,"ks":{"a":0,"k":{"i":[[0,0],[0.619,-1.396],[3.92,0],[1.032,0.994],[0,4.184],[0,0],[-0.619,1.595],[-3.92,0],[-1.032,-0.994],[0,-3.984]],"o":[[0,2.192],[-0.824,2.987],[-1.857,0],[-2.062,-2.192],[0,0],[0,-1.993],[0.825,-2.589],[1.857,0],[2.062,2.392],[0,0]],"v":[[7.427,43.125],[6.601,48.505],[0,53.882],[-4.333,52.289],[-7.427,43.125],[-7.427,-43.122],[-6.602,-48.503],[0,-53.88],[4.539,-52.288],[7.427,-43.122]],"c":true},"ix":2},"nm":"Path 1","mn":"ADBE Vector Shape - Group","hd":false},{"ind":1,"ty":"sh","ix":2,"ks":{"a":0,"k":{"i":[[4.126,2.987],[7.427,0],[4.126,-2.988],[1.857,-3.982],[0.206,-5.778],[0,0],[-2.269,-4.581],[-4.126,-2.987],[-7.427,0],[-4.128,3.188],[-1.857,3.984],[-0.206,5.978],[0,0],[2.269,4.583]],"o":[[-4.128,-2.988],[-7.427,0],[-4.126,2.987],[-2.269,4.583],[0,0],[0.206,5.978],[1.857,3.984],[4.126,3.188],[7.427,0],[4.126,-2.987],[2.269,-4.581],[0,0],[-0.206,-5.778],[-1.857,-3.982]],"v":[[17.124,-69.814],[0,-74.796],[-17.33,-69.814],[-25.995,-58.861],[-29.708,-43.122],[-29.708,43.125],[-25.995,59.06],[-17.33,69.816],[0,74.797],[17.124,69.816],[25.995,59.06],[29.708,43.125],[29.708,-43.122],[25.995,-58.861]],"c":true},"ix":2},"nm":"Path 2","mn":"ADBE Vector Shape - Group","hd":false},{"ty":"mm","mm":1,"nm":"Merge Paths 1","mn":"ADBE Vector Filter - Merge","hd":false},{"ty":"fl","c":{"a":0,"k":[0.2,0.2,0.2,1],"ix":4},"o":{"a":0,"k":100,"ix":5},"r":1,"bm":0,"nm":"Fill 1","mn":"ADBE Vector Graphic - Fill","hd":false},{"ty":"tr","p":{"a":0,"k":[87.584,242.177],"ix":2},"a":{"a":0,"k":[0,0],"ix":1},"s":{"a":0,"k":[100,100],"ix":3},"r":{"a":0,"k":0,"ix":6},"o":{"a":0,"k":100,"ix":7},"sk":{"a":0,"k":0,"ix":4},"sa":{"a":0,"k":0,"ix":5},"nm":"Transform"}],"nm":"Group 4","np":4,"cix":2,"bm":0,"ix":4,"mn":"ADBE Vector Group","hd":false},{"ty":"gr","it":[{"ind":0,"ty":"sh","ix":1,"ks":{"a":0,"k":{"i":[[1.857,0],[0.826,-2.589],[0,-1.993],[0,0],[-2.062,-2.192],[-1.857,0],[-0.825,2.987],[0,2.192],[0,0],[2.062,2.392]],"o":[[-3.919,0],[-0.619,1.595],[0,0],[0,4.184],[1.033,0.994],[3.92,0],[0.619,-1.396],[0,0],[0,-3.985],[-1.033,-0.994]],"v":[[-0.001,-53.881],[-6.603,-48.503],[-7.426,-43.124],[-7.426,43.124],[-4.333,52.288],[-0.001,53.88],[6.602,48.504],[7.426,43.124],[7.426,-43.124],[4.54,-52.288]],"c":true},"ix":2},"nm":"Path 1","mn":"ADBE Vector Shape - Group","hd":false},{"ty":"fl","c":{"a":0,"k":[1,1,1,1],"ix":4},"o":{"a":0,"k":100,"ix":5},"r":1,"bm":0,"nm":"Fill 1","mn":"ADBE Vector Graphic - Fill","hd":false},{"ty":"tr","p":{"a":0,"k":[87.584,242.178],"ix":2},"a":{"a":0,"k":[0,0],"ix":1},"s":{"a":0,"k":[100,100],"ix":3},"r":{"a":0,"k":0,"ix":6},"o":{"a":0,"k":100,"ix":7},"sk":{"a":0,"k":0,"ix":4},"sa":{"a":0,"k":0,"ix":5},"nm":"Transform"}],"nm":"Group 5","np":2,"cix":2,"bm":0,"ix":5,"mn":"ADBE Vector Group","hd":false},{"ty":"gr","it":[{"ind":0,"ty":"sh","ix":1,"ks":{"a":0,"k":{"i":[[6.809,0],[0,0],[-2.475,3.386],[0,8.166],[2.476,3.586]],"o":[[0,0],[6.809,0],[2.476,-3.187],[0,-8.166],[-2.475,-3.583]],"v":[[-8.355,-22.011],[-8.355,22.01],[5.261,17.43],[8.355,0.697],[5.261,-16.833]],"c":true},"ix":2},"nm":"Path 1","mn":"ADBE Vector Shape - Group","hd":false},{"ty":"fl","c":{"a":0,"k":[1,1,1,1],"ix":4},"o":{"a":0,"k":100,"ix":5},"r":1,"bm":0,"nm":"Fill 1","mn":"ADBE Vector Graphic - Fill","hd":false},{"ty":"tr","p":{"a":0,"k":[162.981,212.897],"ix":2},"a":{"a":0,"k":[0,0],"ix":1},"s":{"a":0,"k":[100,100],"ix":3},"r":{"a":0,"k":0,"ix":6},"o":{"a":0,"k":100,"ix":7},"sk":{"a":0,"k":0,"ix":4},"sa":{"a":0,"k":0,"ix":5},"nm":"Transform"}],"nm":"Group 6","np":2,"cix":2,"bm":0,"ix":6,"mn":"ADBE Vector Group","hd":false},{"ty":"gr","it":[{"ind":0,"ty":"sh","ix":1,"ks":{"a":0,"k":{"i":[[0,0],[0,0],[0,0],[0,0],[0,0],[0,0],[0,0],[0,0],[0,0],[0,0],[0,0],[0,0],[0,0],[0,0]],"o":[[0,0],[0,0],[0,0],[0,0],[0,0],[0,0],[0,0],[0,0],[0,0],[0,0],[0,0],[0,0],[0,0],[0,0]],"v":[[135.028,73.39],[115.223,73.39],[93.56,-2.899],[91.703,-9.673],[90.465,-9.673],[90.465,73.39],[70.041,73.39],[70.041,-73.015],[89.846,-73.015],[111.509,3.276],[113.366,10.048],[114.603,10.048],[114.603,-73.015],[135.028,-73.015]],"c":true},"ix":2},"nm":"Path 1","mn":"ADBE Vector Shape - Group","hd":false},{"ind":1,"ty":"sh","ix":2,"ks":{"a":0,"k":{"i":[[0,0],[0,0],[0,0],[0,0],[0,0],[0,0],[0,0],[0,0],[0,0],[0,0],[0,0],[0,0]],"o":[[0,0],[0,0],[0,0],[0,0],[0,0],[0,0],[0,0],[0,0],[0,0],[0,0],[0,0],[0,0]],"v":[[57.668,-50.905],[28.992,-50.905],[28.992,-12.461],[49.623,-12.461],[49.623,11.045],[28.992,11.045],[28.992,51.28],[57.668,51.28],[57.668,73.39],[6.711,73.39],[6.711,-73.015],[57.668,-73.015]],"c":true},"ix":2},"nm":"Path 2","mn":"ADBE Vector Shape - Group","hd":false},{"ind":2,"ty":"sh","ix":3,"ks":{"a":0,"k":{"i":[[7.428,-6.773],[9.696,0],[0,0],[0,0],[0,0],[0,0],[-7.426,-6.772],[0,-16.733]],"o":[[-7.426,6.772],[0,0],[0,0],[0,0],[0,0],[9.696,0],[7.428,6.773],[0,16.732]],"v":[[-16.804,5.267],[-43.623,14.827],[-43.623,73.39],[-65.905,73.39],[-65.905,-73.015],[-43.623,-73.015],[-16.804,-63.853],[-4.425,-29.193]],"c":true},"ix":2},"nm":"Path 3","mn":"ADBE Vector Shape - Group","hd":false},{"ind":3,"ty":"sh","ix":4,"ks":{"a":0,"k":{"i":[[0,0],[2.269,-4.58],[4.126,-2.987],[7.427,0],[4.126,3.188],[1.856,3.985],[0.206,5.977],[0,0],[-2.269,4.583],[-4.126,2.988],[-7.427,0],[-4.128,-2.987],[-1.857,-3.982],[-0.206,-5.778]],"o":[[-0.206,5.977],[-1.857,3.985],[-4.128,3.188],[-7.427,0],[-4.126,-2.987],[-2.269,-4.58],[0,0],[0.206,-5.778],[1.856,-3.982],[4.126,-2.987],[7.427,0],[4.126,2.988],[2.269,4.583],[0,0]],"v":[[-80.958,43.311],[-84.671,59.246],[-93.542,70.003],[-110.666,74.983],[-127.996,70.003],[-136.661,59.246],[-140.374,43.311],[-140.374,-42.936],[-136.661,-58.674],[-127.996,-69.629],[-110.666,-74.61],[-93.542,-69.629],[-84.671,-58.674],[-80.958,-42.936]],"c":true},"ix":2},"nm":"Path 4","mn":"ADBE Vector Shape - Group","hd":false},{"ind":4,"ty":"sh","ix":5,"ks":{"a":0,"k":{"i":[[1.281,0],[0,0],[0,-1.281],[0,0],[-1.282,0],[0,0],[0,1.281],[0,0]],"o":[[0,0],[-1.282,0],[0,0],[0,1.281],[0,0],[1.281,0],[0,0],[0,-1.281]],"v":[[166.562,-97.304],[-166.56,-97.304],[-168.885,-94.982],[-168.885,94.98],[-166.56,97.305],[166.562,97.305],[168.885,94.98],[168.885,-94.982]],"c":true},"ix":2},"nm":"Path 5","mn":"ADBE Vector Shape - Group","hd":false},{"ty":"mm","mm":1,"nm":"Merge Paths 1","mn":"ADBE Vector Filter - Merge","hd":false},{"ty":"fl","c":{"a":0,"k":[1,1,1,1],"ix":4},"o":{"a":0,"k":100,"ix":5},"r":1,"bm":0,"nm":"Fill 1","mn":"ADBE Vector Graphic - Fill","hd":false},{"ty":"tr","p":{"a":0,"k":[198.25,241.991],"ix":2},"a":{"a":0,"k":[0,0],"ix":1},"s":{"a":0,"k":[100,100],"ix":3},"r":{"a":0,"k":0,"ix":6},"o":{"a":0,"k":100,"ix":7},"sk":{"a":0,"k":0,"ix":4},"sa":{"a":0,"k":0,"ix":5},"nm":"Transform"}],"nm":"Group 7","np":7,"cix":2,"bm":0,"ix":7,"mn":"ADBE Vector Group","hd":false},{"ty":"gr","it":[{"ind":0,"ty":"sh","ix":1,"ks":{"a":0,"k":{"i":[[0,0],[1.281,0],[0,0],[0,1.281],[0,0],[-1.281,0],[0,0],[0,-1.281]],"o":[[0,1.281],[0,0],[-1.281,0],[0,0],[0,-1.281],[0,0],[1.281,0],[0,0]],"v":[[168.885,94.981],[166.562,97.305],[-166.561,97.305],[-168.885,94.981],[-168.885,-94.982],[-166.561,-97.304],[166.562,-97.304],[168.885,-94.982]],"c":true},"ix":2},"nm":"Path 1","mn":"ADBE Vector Shape - Group","hd":false},{"ind":1,"ty":"sh","ix":2,"ks":{"a":0,"k":{"i":[[11.899,0],[0,0],[0,0],[0,0],[0,0],[0,0],[0,-11.898],[0,0],[-11.898,0],[0,0],[0,11.898],[0,0]],"o":[[0,0],[0,0],[0,0],[0,0],[0,0],[-11.898,0],[0,0],[0,11.898],[0,0],[11.899,0],[0,0],[0,-11.898]],"v":[[176.456,-126.359],[85.995,-126.359],[76.906,-126.359],[-64.273,-126.359],[-73.415,-126.359],[-176.456,-126.359],[-198,-104.816],[-198,104.815],[-176.456,126.359],[176.456,126.359],[198,104.815],[198,-104.816]],"c":true},"ix":2},"nm":"Path 2","mn":"ADBE Vector Shape - Group","hd":false},{"ty":"mm","mm":1,"nm":"Merge Paths 1","mn":"ADBE Vector Filter - Merge","hd":false},{"ty":"fl","c":{"a":0,"k":[0.564999988032,0.808000033509,0.023999999551,1],"ix":4},"o":{"a":0,"k":100,"ix":5},"r":1,"bm":0,"nm":"Fill 1","mn":"ADBE Vector Graphic - Fill","hd":false},{"ty":"tr","p":{"a":0,"k":[198.25,241.99],"ix":2},"a":{"a":0,"k":[0,0],"ix":1},"s":{"a":0,"k":[100,100],"ix":3},"r":{"a":0,"k":0,"ix":6},"o":{"a":0,"k":100,"ix":7},"sk":{"a":0,"k":0,"ix":4},"sa":{"a":0,"k":0,"ix":5},"nm":"Transform"}],"nm":"Group 8","np":6,"cix":2,"bm":0,"ix":8,"mn":"ADBE Vector Group","hd":false},{"ty":"gr","it":[{"ind":0,"ty":"sh","ix":1,"ks":{"a":0,"k":{"i":[[0,0],[0,0],[0,0],[0,0],[1.258,0.005],[0,0],[0.704,-1.035],[0,0],[0,0]],"o":[[0,0],[0,0],[0,0],[-0.699,-1.046],[0,0],[-1.252,0],[0,0],[0,0],[0,0]],"v":[[0.68,-47.143],[70.616,57.69],[79.705,57.69],[3.855,-56.009],[0.725,-57.69],[0.709,-57.69],[-2.418,-56.035],[-79.705,57.69],[-70.563,57.69]],"c":true},"ix":2},"nm":"Path 1","mn":"ADBE Vector Shape - Group","hd":false},{"ty":"fl","c":{"a":0,"k":[0.2,0.2,0.2,1],"ix":4},"o":{"a":0,"k":100,"ix":5},"r":1,"bm":0,"nm":"Fill 1","mn":"ADBE Vector Graphic - Fill","hd":false},{"ty":"tr","p":{"a":0,"k":[204.54,57.941],"ix":2},"a":{"a":0,"k":[0,0],"ix":1},"s":{"a":0,"k":[100,100],"ix":3},"r":{"a":0,"k":0,"ix":6},"o":{"a":0,"k":100,"ix":7},"sk":{"a":0,"k":0,"ix":4},"sa":{"a":0,"k":0,"ix":5},"nm":"Transform"}],"nm":"Group 9","np":2,"cix":2,"bm":0,"ix":9,"mn":"ADBE Vector Group","hd":false}],"ip":0,"op":60,"st":-3,"bm":0}],"markers":[]}